{"cameraMode":{"drawMode":0,"name":"Shaded","section":"Shading Mode"},"sceneLighting":true,"audioPlay":false,"sceneViewState":{"m_AlwaysRefresh":false,"showFog":true,"showSkybox":true,"showFlares":true,"showImageEffects":true,"showParticleSystems":true,"showVisualEffectGraphs":true,"m_FxEnabled":true},"in2DMode":false,"pivot":{"x":-1.8901995420455933,"y":5.538880348205566,"z":48.80624008178711},"rotation":{"x":0.10213036090135575,"y":-0.002989191794767976,"z":0.00030610032263211906,"w":0.9947641491889954},"size":12.12435531616211,"orthographic":false}