{"cameraMode":{"drawMode":0,"name":"Shaded","section":"Shading Mode"},"sceneLighting":true,"audioPlay":false,"sceneViewState":{"m_AlwaysRefresh":false,"showFog":true,"showSkybox":true,"showFlares":true,"showImageEffects":true,"showParticleSystems":true,"showVisualEffectGraphs":true,"m_FxEnabled":true},"in2DMode":false,"pivot":{"x":-1.0340601205825806,"y":0.8647745847702026,"z":1.0369081497192383},"rotation":{"x":0.005986321717500687,"y":0.3140753507614136,"z":-0.001993346493691206,"w":0.9493563771247864},"size":0.7123229503631592,"orthographic":false}