{"cameraMode":{"drawMode":0,"name":"Shaded","section":"Shading Mode"},"sceneLighting":true,"audioPlay":false,"sceneViewState":{"m_AlwaysRefresh":false,"showFog":true,"showSkybox":true,"showFlares":true,"showImageEffects":true,"showParticleSystems":true,"showVisualEffectGraphs":true,"m_FxEnabled":true},"in2DMode":false,"pivot":{"x":-47.565425872802737,"y":5.598911762237549,"z":-42.752113342285159},"rotation":{"x":0.22394408285617829,"y":-0.6545600295066834,"z":0.21243369579315186,"w":0.6900593042373657},"size":1.8672987222671509,"orthographic":false}