{"cameraMode":{"drawMode":0,"name":"Shaded","section":"Shading Mode"},"sceneLighting":true,"audioPlay":false,"sceneViewState":{"m_AlwaysRefresh":false,"showFog":true,"showSkybox":true,"showFlares":true,"showImageEffects":true,"showParticleSystems":true,"showVisualEffectGraphs":true,"m_FxEnabled":true},"in2DMode":false,"pivot":{"x":-0.04706978797912598,"y":2.496837854385376,"z":0.14684581756591798},"rotation":{"x":0.13025672733783723,"y":0.05202259123325348,"z":-0.0068449703976511959,"w":0.9900886416435242},"size":7.444123268127441,"orthographic":false}
