{"cameraMode":{"drawMode":0,"name":"Shaded","section":"Shading Mode"},"sceneLighting":true,"audioPlay":false,"sceneViewState":{"m_AlwaysRefresh":false,"showFog":true,"showSkybox":true,"showFlares":true,"showImageEffects":true,"showParticleSystems":true,"showVisualEffectGraphs":true,"m_FxEnabled":true},"in2DMode":false,"pivot":{"x":-0.4712340831756592,"y":0.7453219294548035,"z":0.019236907362937928},"rotation":{"x":0.03562092408537865,"y":0.674223005771637,"z":-0.03260483220219612,"w":0.7369236350059509},"size":0.7123229503631592,"orthographic":false}